,kmeans++,affinity_propagation,agglomerative_l,agglomerative_m,agglomerative_s,agglomerative_t
0,0.896,0.764,0.974,0.96,0.924,0.826
1,0.878204770867211,0.7338254810357057,0.973226294385531,0.96,0.9232262943855309,0.8097521820961492
2,0.8692404277669331,0.7220899637415216,0.9752849510821593,0.9601438684667427,0.9199413433033717,0.7970953061664066
3,0.8592804805988314,0.7093927256521453,0.975068915422487,0.9576116252384661,0.9148902802989405,0.7903303586531734
4,0.8549139125622138,0.7015815356221067,0.9751910784466502,0.9542225034717445,0.9083755290713044,0.7858743120372449
5,0.8483480534283528,0.6961309528697428,0.9731224883264721,0.9503564609408605,0.9033870764620737,0.7800028861787625
6,0.8419023817770047,0.688286383632122,0.9732028907234417,0.948214309145209,0.8971678342853493,0.7723437763507436
7,0.8350478408616935,0.6806706372745057,0.972468550304724,0.9441587959910432,0.8904045146763062,0.7643832929725616
8,0.8290302161838388,0.6747979914953339,0.9713033054999398,0.9418004155499978,0.8857349274124544,0.7591292468780898
